{
  "project_info": {
    "project_number": "504829427647",
    "project_id": "tapndinef",
    "storage_bucket": "tapndinef.appspot.com"
  },
  "client": [
    {
      "client_info": {
        "mobilesdk_app_id": "1:504829427647:android:49311136a87cbd2f302b0a",
        "android_client_info": {
          "package_name": "com.example.kitch"
        }
      },
      "oauth_client": [
        {
          "client_id": "504829427647-4dbipm3uef5dlav3hh5dhs5k8jkspksr.apps.googleusercontent.com",
          "client_type": 3
        }
      ],
      "api_key": [
        {
          "current_key": "AIzaSyDCbktBHgEJNGii_ID-9gPC_mMx2LXCd14"
        }
      ],
      "services": {
        "appinvite_service": {
          "other_platform_oauth_client": [
            {
              "client_id": "504829427647-4dbipm3uef5dlav3hh5dhs5k8jkspksr.apps.googleusercontent.com",
              "client_type": 3
            }
          ]
        }
      }
    },
    {
      "client_info": {
        "mobilesdk_app_id": "1:504829427647:android:22e37ff9c9aa450c302b0a",
        "android_client_info": {
          "package_name": "com.example.tapdine"
        }
      },
      "oauth_client": [
        {
          "client_id": "504829427647-4dbipm3uef5dlav3hh5dhs5k8jkspksr.apps.googleusercontent.com",
          "client_type": 3
        }
      ],
      "api_key": [
        {
          "current_key": "AIzaSyDCbktBHgEJNGii_ID-9gPC_mMx2LXCd14"
        }
      ],
      "services": {
        "appinvite_service": {
          "other_platform_oauth_client": [
            {
              "client_id": "504829427647-4dbipm3uef5dlav3hh5dhs5k8jkspksr.apps.googleusercontent.com",
              "client_type": 3
            }
          ]
        }
      }
    }
  ],
  "configuration_version": "1"
}